prompt_clean,prompt_corrupted,io_name,s_name,distractor_name,template_type,template_idx,place,object_noun,io_token_id,s_token_id
যেতিয়া ৰাম আৰু শ্যাম পাৰ্ক গৈছিল, শ্যাম ৰে কিতাপ দিলে,যেতিয়া ৰাম আৰু গীতা পাৰ্ক গৈছিল, গীতা ৰে কিতাপ দিলে,ৰাম,শ্যাম,গীতা,ABB,0,পাৰ্ক,কিতাপ,-1,-1
যেতিয়া সীতা আৰু মোহন দোকান পাইছিল, মোহন ৰে উপহাৰ দিলে,যেতিয়া সীতা আৰু ৰবি দোকান পাইছিল, ৰবি ৰে উপহাৰ দিলে,সীতা,মোহন,ৰবি,ABB,1,দোকান,উপহাৰ,-1,-1
যেতিয়া গীতা আৰু অনিল হাস্পতাল আহিছিল, অনিল ৰে চিঠি পঠালে,যেতিয়া গীতা আৰু কমল হাস্পতাল আহিছিল, কমল ৰে চিঠি পঠালে,গীতা,অনিল,কমল,ABB,2,হাস্পতাল,চিঠি,-1,-1
যেতিয়া বিজয় আৰু দেৱী বিদ্যালয় এৰিছিল, দেৱী ৰে মোনা দি গৈছিল,যেতিয়া বিজয় আৰু প্ৰিয়া বিদ্যালয় এৰিছিল, প্ৰিয়া ৰে মোনা দি গৈছিল,বিজয়,দেৱী,প্ৰিয়া,ABB,3,বিদ্যালয়,মোনা,-1,-1
যেতিয়া প্ৰিয়া আৰু ৰোহান বজাৰ গৈছিল, ৰোহান ৰে টিকট দিলে,যেতিয়া প্ৰিয়া আৰু নীতা বজাৰ গৈছিল, নীতা ৰে টিকট দিলে,প্ৰিয়া,ৰোহান,নীতা,ABB,0,বজাৰ,টিকট,-1,-1
যেতিয়া কমল আৰু অৰ্জুন সংগ্ৰহালয় পাইছিল, অৰ্জুন ৰে কাৰ্ড দিলে,যেতিয়া কমল আৰু বিজয় সংগ্ৰহালয় পাইছিল, বিজয় ৰে কাৰ্ড দিলে,কমল,অৰ্জুন,বিজয়,ABB,1,সংগ্ৰহালয়,কাৰ্ড,-1,-1
যেতিয়া ৰবি আৰু সুনীতা ষ্টেচন আহিছিল, সুনীতা ৰে কলম পঠালে,যেতিয়া ৰবি আৰু গীতা ষ্টেচন আহিছিল, গীতা ৰে কলম পঠালে,ৰবি,সুনীতা,গীতা,ABB,2,ষ্টেচন,কলম,-1,-1
যেতিয়া অনিল আৰু নীতা পাৰ্ক এৰিছিল, নীতা ৰে ফোন দি গৈছিল,যেতিয়া অনিল আৰু ৰাম পাৰ্ক এৰিছিল, ৰাম ৰে ফোন দি গৈছিল,অনিল,নীতা,ৰাম,ABB,3,পাৰ্ক,ফোন,-1,-1
যেতিয়া সুনীতা আৰু মোহন কাৰ্যালয় গৈছিল, মোহন ৰে কিতাপ দিলে,যেতিয়া সুনীতা আৰু শ্যাম কাৰ্যালয় গৈছিল, শ্যাম ৰে কিতাপ দিলে,সুনীতা,মোহন,শ্যাম,ABB,0,কাৰ্যালয়,কিতাপ,-1,-1
যেতিয়া দেৱী আৰু ৰাম ৰেষ্টোৰেঁ পাইছিল, ৰাম ৰে উপহাৰ দিলে,যেতিয়া দেৱী আৰু অনিল ৰেষ্টোৰেঁ পাইছিল, অনিল ৰে উপহাৰ দিলে,দেৱী,ৰাম,অনিল,ABB,1,ৰেষ্টোৰেঁ,উপহাৰ,-1,-1
যেতিয়া ৰোহান আৰু কমল পুথিভঁৰাল আহিছিল, কমল ৰে পেকেজ পঠালে,যেতিয়া ৰোহান আৰু সীতা পুথিভঁৰাল আহিছিল, সীতা ৰে পেকেজ পঠালে,ৰোহান,কমল,সীতা,ABB,2,পুথিভঁৰাল,পেকেজ,-1,-1
যেতিয়া নীতা আৰু বিজয় দোকান এৰিছিল, বিজয় ৰে চাবি দি গৈছিল,যেতিয়া নীতা আৰু মোহন দোকান এৰিছিল, মোহন ৰে চাবি দি গৈছিল,নীতা,বিজয়,মোহন,ABB,3,দোকান,চাবি,-1,-1
যেতিয়া অৰ্জুন আৰু প্ৰিয়া হাস্পতাল গৈছিল, প্ৰিয়া ৰে টিকট দিলে,যেতিয়া অৰ্জুন আৰু সুনীতা হাস্পতাল গৈছিল, সুনীতা ৰে টিকট দিলে,অৰ্জুন,প্ৰিয়া,সুনীতা,ABB,0,হাস্পতাল,টিকট,-1,-1
যেতিয়া গীতা আৰু শ্যাম বিদ্যালয় গৈছিল, গীতা ৰে ফোন দিলে,যেতিয়া ৰাম আৰু শ্যাম বিদ্যালয় গৈছিল, ৰাম ৰে ফোন দিলে,শ্যাম,গীতা,ৰাম,BAB,0,বিদ্যালয়,ফোন,-1,-1
যেতিয়া সীতা আৰু মোহন বজাৰ পাইছিল, সীতা ৰে কলম দিলে,যেতিয়া দেৱী আৰু মোহন বজাৰ পাইছিল, দেৱী ৰে কলম দিলে,মোহন,সীতা,দেৱী,BAB,1,বজাৰ,কলম,-1,-1
যেতিয়া ৰাম আৰু ৰবি সংগ্ৰহালয় আহিছিল, ৰাম ৰে কাৰ্ড পঠালে,যেতিয়া প্ৰিয়া আৰু ৰবি সংগ্ৰহালয় আহিছিল, প্ৰিয়া ৰে কাৰ্ড পঠালে,ৰবি,ৰাম,প্ৰিয়া,BAB,2,সংগ্ৰহালয়,কাৰ্ড,-1,-1
যেতিয়া সুনীতা আৰু গীতা ষ্টেচন এৰিছিল, সুনীতা ৰে মোনা দি গৈছিল,যেতিয়া ৰোহান আৰু গীতা ষ্টেচন এৰিছিল, ৰোহান ৰে মোনা দি গৈছিল,গীতা,সুনীতা,ৰোহান,BAB,3,ষ্টেচন,মোনা,-1,-1
যেতিয়া বিজয় আৰু কমল কাৰ্যালয় গৈছিল, বিজয় ৰে চিঠি দিলে,যেতিয়া অনিল আৰু কমল কাৰ্যালয় গৈছিল, অনিল ৰে চিঠি দিলে,কমল,বিজয়,অনিল,BAB,0,কাৰ্যালয়,চিঠি,-1,-1
যেতিয়া অৰ্জুন আৰু সীতা ৰেষ্টোৰেঁ পাইছিল, অৰ্জুন ৰে উপহাৰ দিলে,যেতিয়া কমল আৰু সীতা ৰেষ্টোৰেঁ পাইছিল, কমল ৰে উপহাৰ দিলে,সীতা,অৰ্জুন,কমল,BAB,1,ৰেষ্টোৰেঁ,উপহাৰ,-1,-1
যেতিয়া প্ৰিয়া আৰু নীতা পাৰ্ক আহিছিল, প্ৰিয়া ৰে কিতাপ পঠালে,যেতিয়া মোহন আৰু নীতা পাৰ্ক আহিছিল, মোহন ৰে কিতাপ পঠালে,নীতা,প্ৰিয়া,মোহন,BAB,2,পাৰ্ক,কিতাপ,-1,-1
যেতিয়া ৰোহান আৰু দেৱী পুথিভঁৰাল এৰিছিল, ৰোহান ৰে টিকট দি গৈছিল,যেতিয়া সুনীতা আৰু দেৱী পুথিভঁৰাল এৰিছিল, সুনীতা ৰে টিকট দি গৈছিল,দেৱী,ৰোহান,সুনীতা,BAB,3,পুথিভঁৰাল,টিকট,-1,-1
যেতিয়া ৰবি আৰু অনিল দোকান গৈছিল, ৰবি ৰে চাবি দিলে,যেতিয়া শ্যাম আৰু অনিল দোকান গৈছিল, শ্যাম ৰে চাবি দিলে,অনিল,ৰবি,শ্যাম,BAB,0,দোকান,চাবি,-1,-1
যেতিয়া কমল আৰু সুনীতা বজাৰ পাইছিল, কমল ৰে ফোন দিলে,যেতিয়া অৰ্জুন আৰু সুনীতা বজাৰ পাইছিল, অৰ্জুন ৰে ফোন দিলে,সুনীতা,কমল,অৰ্জুন,BAB,1,বজাৰ,ফোন,-1,-1
যেতিয়া নীতা আৰু ৰাম ষ্টেচন আহিছিল, নীতা ৰে উপহাৰ পঠালে,যেতিয়া গীতা আৰু ৰাম ষ্টেচন আহিছিল, গীতা ৰে উপহাৰ পঠালে,ৰাম,নীতা,গীতা,BAB,2,ষ্টেচন,উপহাৰ,-1,-1
যেতিয়া দেৱী আৰু শ্যাম ৰেষ্টোৰেঁ এৰিছিল, দেৱী ৰে চিঠি দি গৈছিল,যেতিয়া সীতা আৰু শ্যাম ৰেষ্টোৰেঁ এৰিছিল, সীতা ৰে চিঠি দি গৈছিল,শ্যাম,দেৱী,সীতা,BAB,3,ৰেষ্টোৰেঁ,চিঠি,-1,-1
